question,answer
Apakah Salicylic Acid cocok untuk kulit berjerawat?,"Ya, Salicylic Acid cocok untuk kulit berjerawat karena mampu menembus pori-pori, mengangkat sel kulit mati, dan membantu mengatasi penyumbatan yang menyebabkan jerawat. Namun, karena dapat membuat kulit kering, disarankan untuk menggunakannya bersama pelembap."
Bagaimana cara menggunakan Retinol dengan aman?,"Cara menggunakan Retinol dengan aman adalah dengan memulainya dari konsentrasi rendah, digunakan pada malam hari, dan selalu diikuti dengan penggunaan tabir surya di pagi hari. Hal ini penting karena Retinol dapat menyebabkan iritasi jika digunakan berlebihan atau tanpa perlindungan yang tepat."
Apa fungsi Hyaluronic Acid dalam skincare?,"Fungsi Hyaluronic Acid dalam skincare adalah untuk menarik dan mempertahankan kelembapan pada kulit, sehingga membuat kulit terasa lebih lembap dan kenyal tanpa terasa berat. Bahan ini juga cocok digunakan untuk semua jenis kulit."
Apa itu Centella Asiatica dan manfaatnya?,"Centella Asiatica adalah ekstrak tanaman herbal yang bermanfaat untuk menenangkan kulit yang iritasi, mempercepat penyembuhan luka, dan mengurangi peradangan. Bahan ini sering digunakan dalam skincare karena efeknya yang menyejukkan dan memperkuat skin barrier."
Bagaimana cara kerja AHA dan efek sampingnya?,"AHA (Alpha Hydroxy Acid) bekerja dengan mengangkat sel kulit mati di permukaan kulit, sehingga membuat kulit tampak lebih cerah dan halus. Efek sampingnya adalah meningkatkan sensitivitas kulit terhadap sinar matahari, sehingga penting untuk selalu menggunakan sunscreen setelah pemakaian AHA."
Kenapa Ceramide penting dalam skincare?,"Ceramide penting dalam skincare karena berperan membentuk lapisan pelindung kulit yang menjaga kelembapan dan mencegah iritasi. Kandungan ini membantu memperkuat dan memperbaiki skin barrier yang rusak, sehingga kulit tetap sehat dan terhidrasi."
Apa manfaat Zinc untuk kulit berjerawat?,"Manfaat Zinc untuk kulit berjerawat adalah membantu mengurangi produksi minyak berlebih dan meredakan jerawat serta kemerahan berkat sifat anti-inflamasinya."
Bagaimana Peptide membantu mengurangi tanda penuaan?,"Peptide membantu mengurangi tanda penuaan dengan merangsang produksi kolagen,sehingga kulit menjadi lebih elastis dan garis halus serta kerutan tampak berkurang."
Bahan skincare apa yang tidak boleh dipakai bersamaan dengan Retinol?,"Bahan skincare yang tidak boleh dipakai bersamaan dengan Retinol adalah AHA, BHA, Benzoyl Peroxide, dan Vitamin C karena kombinasi ini dapat menyebabkan iritasi kulit dan menurunkan efektivitas Retinol."
Kenapa Vitamin C dan Retinol tidak boleh dipakai bersamaan?,"Vitamin C dan Retinol tidak boleh dipakai bersamaan karena memiliki pH yang berbeda, sehingga dapat menyebabkan iritasi kulit. Untuk hasil yang aman dan efektif, gunakan Vitamin C di pagi hari dan Retinol di malam hari."
Apa efek buruk jika memakai Benzoyl Peroxide dan Retinol bersamaan?,"Efek buruk dari memakai Benzoyl Peroxide dan Retinol secara bersamaan adalah risiko iritasi parah pada kulit dan penurunan efektivitas Retinol karena Benzoyl Peroxide dapat menonaktifkannya."
Apakah boleh memakai Vitamin C dan AHA/BHA sekaligus?,"Tidak, memakai Vitamin C dan AHA/BHA sekaligus tidak disarankan karena kombinasi ini dapat mengurangi stabilitas Vitamin C dan meningkatkan risiko iritasi pada kulit."
Niacinamide dan Vitamin C apakah aman dipakai bersamaan?,"Niacinamide dan Vitamin C sebenarnya bisa digunakan bersamaan, tetapi pada kulit sensitif kombinasi ini dapat menyebabkan iritasi. Sebaiknya digunakan di waktu yang berbeda untuk menghindari reaksi negatif."
Apa risiko memakai AHA dan BHA sekaligus dalam rutinitas skincare?,"Risiko memakai AHA dan BHA sekaligus adalah terjadinya iritasi dan over-exfoliation, yang dapat membuat kulit menjadi sensitif, kering, atau bahkan meradang jika tidak digunakan dengan hati-hati."
Kenapa Tea Tree Oil tidak boleh digabung dengan AHA atau BHA?,"Tea Tree Oil tidak boleh digabung dengan AHA atau BHA karena kombinasi ini dapat meningkatkan risiko iritasi kulit akibat efek eksfoliasi dan sifat aktif dari ketiganya."
Apa yang terjadi kalau Salicylic Acid dan Retinol dipakai bersamaan?,"Jika Salicylic Acid dan Retinol dipakai bersamaan, kulit dapat mengalami kekeringan, iritasi berlebihan, dan sensitivitas meningkat karena keduanya memiliki efek eksfoliasi yang kuat."
Apa itu Niacinamide dalam skincare?,"Niacinamide adalah bentuk vitamin B3 yang digunakan dalam skincare untuk memperbaiki skin barrier, mencerahkan kulit, serta mengontrol produksi minyak berlebih."
Apa fungsi Salicylic Acid?,"Fungsi Salicylic Acid adalah membersihkan pori-pori, mengangkat sel kulit mati, dan membantu mengatasi jerawat berkat sifat eksfoliasinya sebagai asam beta hidroksi (BHA)."
Apa itu Hyaluronic Acid?,"Hyaluronic Acid adalah molekul pelembap yang berfungsi menarik dan mengunci air di dalam kulit, sehingga kulit terasa lebih lembap, kenyal, dan terhidrasi."
Apa itu Retinol?,"Retinol adalah turunan dari vitamin A yang digunakan dalam skincare untuk mempercepat regenerasi sel kulit, mengurangi kerutan, dan memperbaiki tekstur kulit."
Apa manfaat Vitamin C dalam skincare?,"Manfaat Vitamin C dalam skincare adalah mencerahkan kulit, meratakan warna kulit, dan melindungi kulit dari kerusakan akibat radikal bebas karena sifat antioksidannya."
Apa itu Centella Asiatica?,"Centella Asiatica adalah ekstrak tanaman herbal yang digunakan dalam skincare karena kemampuannya menenangkan kulit, mempercepat penyembuhan luka, dan mengurangi peradangan."
Apa itu AHA dan fungsinya?,"AHA (Alpha Hydroxy Acid) adalah jenis asam yang digunakan dalam skincare untuk mengelupas sel kulit mati di permukaan kulit, sehingga membuat kulit tampak lebih cerah, halus, dan merata."
Apa itu Ceramide?,"Ceramide adalah jenis lipid alami yang terdapat di lapisan kulit dan berfungsi untuk menjaga kelembapan serta memperkuat skin barrier agar kulit terlindungi dari iritasi dan kehilangan air."
Apa manfaat Zinc untuk kulit?,"Manfaat Zinc untuk kulit adalah membantu mengontrol produksi minyak berlebih, meredakan peradangan, dan mengatasi jerawat berkat sifat anti-inflamasinya."